tweet_id,tweet_text,class_label,predicted_label,confidence,entropy,status
798064896545996801,I feel a little uneasy about the idea of work tomorrow when the aftershocks are still so strong. #eqnz #wellingtonearthquake,other_relevant_information,caution_and_advice,0.85,,ok
797913886527602688,"#eqnz Interislander ferry docking aborted after huge 7.5 magnitude quake, sailings on hold",caution_and_advice,infrastructure_and_utility_damage,0.9,,ok
797867944546025472,Much of New Zealand felt the earthquake after midnight; waking to discover how much damage,other_relevant_information,infrastructure_and_utility_damage,0.85,,ok
797958935126773760,"Noticing a lot of aftershocks on eqnz site, but we seem not to be feeling them. What about the rest of Wellington?",sympathy_and_support,other_relevant_information,0.85,,ok
798594044343353344,RT @SimonMakker: Feedback on the @NZRedCross team here in #Kaikoura has been overwhelmingly positive; everyone grateful for their help and,rescue_volunteering_or_donation_effort,sympathy_and_support,0.85,,ok
798833931084697601,RT @corinneambler: Some appreciative people out there #eqnz New Zealand Red Cross - Earthquake evacuees say Red Cross is wonderful,rescue_volunteering_or_donation_effort,sympathy_and_support,0.85,,ok
798059444533792769,RT @MetService: ICYMI: Heres Georgina talking to John Campbell @CheckpointRNZ about severe weather in #eqnz affected areas,other_relevant_information,caution_and_advice,0.85,,ok
798148696508506112,Surveillance video from inside a New Zealand golf store gives a sense of 7.8-magnitude earthquakes power.,other_relevant_information,infrastructure_and_utility_damage,0.85,,ok
798770009589698560,RT @KlynchStuff: Really good read on quakes and buildings #eqnz #earthquake .,other_relevant_information,not_humanitarian,0.95,,ok
800833072014901256,RT @WREMOinfo: Hi weve seen the reports about the recent Earthquake in Japan. Civil Defence advise there is NO Tsunami threat to New Zeala,other_relevant_information,caution_and_advice,0.9,,ok
797873628154970113,"@EthanDolan Im so tired because weve had massive earthquakes and tsunami warnings in New Zealand, I have work soon as well ὢD",caution_and_advice,other_relevant_information,0.85,,ok
797963881406550017,Some of these aftershocks are terrifying ὣ0 #eqnz #newzealandquake,caution_and_advice,not_humanitarian,0.85,,ok
798347803973980160,I am extremely proud of my partner who is part of MFATs emergency response team and went a second successive night without sleep. #eqnz,rescue_volunteering_or_donation_effort,not_humanitarian,0.85,,ok
799872348291633152,"When disaster hits, we need to look out for each other. Need someone to talk to? Earthquake Support Line 0800 777 846 #eqnz",sympathy_and_support,caution_and_advice,0.85,,ok
797909819512344577,rocking and a rolling last night. Rather violently I must admit. Plenty of aftershocks to help us not forget,other_relevant_information,not_humanitarian,0.9,,ok
798236564757315585,Back to work Tuesday morning gift with torrential rain in Wellington and other parts of the southwest of the North Island! #earthquake #eqnz,other_relevant_information,not_humanitarian,0.95,,ok
800524133620555776,"As @Wellington_NZ starts a new week after #eqnz, thoughts on taking care of u &amp; yr teams from @Sarb #pleaseshare",sympathy_and_support,caution_and_advice,0.85,,ok
798342891508678656,RT @NewshubNZ: Two strong aftershocks measuring 5.7 and 5.9 have struck on the East Coast of the South Island  #eqnz,caution_and_advice,other_relevant_information,0.85,,ok
798388199290765315,With the Stats bldg issue &amp; the 1 on Molesworth st looking marginal now is the time for Wellington to check ALL buildings pre the next #eqnz,other_relevant_information,infrastructure_and_utility_damage,0.85,,ok
797815388037779456,Hey @WgtnCC is the tap water safe to drink in Wgtn? Looks OK. No damage from #eqnz (so far) in southern hills.,other_relevant_information,caution_and_advice,0.85,,ok
798759968635617280,Monday mornings devastating #eqnz upgraded from magnitude 7.5 to magnitude 7.8,caution_and_advice,other_relevant_information,0.85,,ok
798315818131955712,This is a useful resource to check which NZ roads are closed.  #flooding #eqnz,infrastructure_and_utility_damage,caution_and_advice,0.9,,ok
797962975805980673,that one was a bit rolly - building swayed for aaaaages. Rated 6.6 by Geonet (at this stage) #eqnz #nzearthquake,other_relevant_information,infrastructure_and_utility_damage,0.85,,ok
797871056685932544,RT @NewshubNZ: CCTV footage shows the moment this mornings quake hit a supermarket in Nelson  #eqnz,other_relevant_information,infrastructure_and_utility_damage,0.85,,ok
797818601264644096,The #Kaikoura tsunami gauge appears to have stopped? #eqnz,not_humanitarian,infrastructure_and_utility_damage,0.85,,ok
798220714432024576,"RT @1NewsNZ: Roads, rail and ports: What you need to know a day after the earthquake:",other_relevant_information,infrastructure_and_utility_damage,0.9,,ok
798348492984827904,@SBSENZ My family was a recipient of @NZRedCross aid post #chch #eqnz Our claim had been fraudulently collected by a tenant. They sorted it.,not_humanitarian,rescue_volunteering_or_donation_effort,0.85,,ok
797878812348325888,"Doing a site inspection in parkland. All I can hear are birds and the tsunami sirens, very very unsettling. #eqnz",other_relevant_information,caution_and_advice,0.8,,ok
798666915073753088,RT @JimRose69872629: How to get back to the eastern suburbs from the CBD after an earthquake #eqnz,not_humanitarian,caution_and_advice,0.85,,ok
797790664259833856,@abcnews New Zealand quake revised from magnitude-7.4 to magnitude-7.8; plus entire east coast under tsunami threat,other_relevant_information,caution_and_advice,0.9,,ok
797804567781965828,magnitude 7.5 severe earthquake has struck 15 km north-east of Culverden at 12:02am. Woke us up in Lower Hutt! Tsunami alarm just stopped.,caution_and_advice,other_relevant_information,0.9,,ok
798001950394462209,"just arrived home, suburb is like a ghost town, no damage here #eqnz #NewZealand",other_relevant_information,not_humanitarian,0.95,,ok
797812997179711489,"Ringing in my ears as if I can hear the tsunami warnings from here, stay safe everyone! #evacuate drive slowly, #worried #eqnz #resilience",sympathy_and_support,caution_and_advice,0.9,,ok
771451745843027968,"RT @unisdr: Magnitude-7.1 #earthquake strikes off New Zealand, small tsunami reported #switch2sendai @CNNI",caution_and_advice,other_relevant_information,0.9,,ok
797913770173427712,RT @HuttNZ: #Hutt status buildings closures etc following #eqnz and wild weather from early this afternoon,other_relevant_information,infrastructure_and_utility_damage,0.9,,ok
798038910840422400,today in the supermarket @jackestpersona and I had to buy flavoured water. This is why you should have emergency water. #eqnz,not_humanitarian,caution_and_advice,0.85,,ok
800421476834738176,Failure of tsunami warning system after Mondays quake sparks Civil Defence overhaul  via @1NewsNZ,other_relevant_information,caution_and_advice,0.85,,ok
798373885083205633,Purple areas in these photos are the seabed uplift due to the 7.5 eq! Nature has incredible power! #eqnz,other_relevant_information,not_humanitarian,0.95,,ok
797911313942859781,"Deadly 7.5 earthquake: Tsunami hits east coast, Waiau feared worst hit - New Zealand Herald  #news",caution_and_advice,infrastructure_and_utility_damage,0.9,,ok
797798688617730048,New Zealand tsunami: Live updates as families warned to flee coast immediately after 7.8-magnitude earthquake,displaced_people_and_evacuations,caution_and_advice,0.95,,ok
798749185189167104,More on the revised magnitude - #eqnz #nzearthquake,not_humanitarian,other_relevant_information,0.85,,ok
797922108122615808,Check on your neighbours and family friends. It’s important that we stay connected as communities throughout New Zealand #EQNZ tsunami,sympathy_and_support,caution_and_advice,0.85,,ok
798799091719208961,"9 pm update: 24 earthquakes located in the last hour, 317 in the last 12 hours and 1,934 since the Kaikoura Earthquake #eqnz #Kaikoura",caution_and_advice,other_relevant_information,0.9,,ok
798022067346018304,"Been anxious all day for you eqnz peeps, those aftershocks are such killers on the nerves especially if you have kids. ὢDxx",other_relevant_information,sympathy_and_support,0.9,,ok
797803654032068608,Video from 40min ago by Tagi320 in #Christchurch with sirens head! #Earthquake #Tsunami #NewZealand #eustorm,not_humanitarian,other_relevant_information,0.85,,ok
797791391086559232,"LATEST: First wave of tsunami arrives at coast of New Zealands South Island, Civil Defense Ministry says",caution_and_advice,other_relevant_information,0.9,,ok
797911062171435009,R2D2 helping clean up the water damage from last nights #eqnz,rescue_volunteering_or_donation_effort,not_humanitarian,0.95,,ok
797909017867657216,This mornings earthquakes are a timely reminder to make sure you are prepared for an emergency  #EQNZ,not_humanitarian,caution_and_advice,0.95,,ok
797890540414996480,#eqnz do we have a #chatbot for answering earthquake damage questions yet?,infrastructure_and_utility_damage,other_relevant_information,0.8,,ok
798463724189151232,So many aftershocks. #eqnz #NewZealand,not_humanitarian,other_relevant_information,0.85,,ok
797994468251025410,Rule 3 for successful predictions. Exploit the deaths and damage for publicity for yourself. #eqnz #nzquake #whataguy,infrastructure_and_utility_damage,not_humanitarian,0.95,,ok
797798947599200256,"RT @TKRobb: Watching live feed of #LyallBay and definitely some surging happening. Also, WAY TOO MANY PEOPLE DRIVING TO THE BEACH! #tsunami",not_humanitarian,caution_and_advice,0.9,,ok
798009141822365696,"Last night 7.8 magnitude earthquake #EQNZ was terrifying. Alhamdulillah, no one was hurt even",not_humanitarian,injured_or_dead_people,0.9,,ok
800872716102467584,6.3 Magnitude Earthquake Hits New Zealand: US Geological Survey The earthquake was centre,caution_and_advice,other_relevant_information,0.85,,ok
800602230290259968,#Kaikoura resident Diane talks to Red Cross volunteers amid worries her home will be red-stickered  #eqnz,rescue_volunteering_or_donation_effort,other_relevant_information,0.85,,ok
798028040940896257,"RT @NZcivildefence: Water, fuel &amp; food has been provided to Kaikoura and @MBIEgovtnz are mobilizing structural engineers to check buildings",rescue_volunteering_or_donation_effort,other_relevant_information,0.9,,ok
798672082770898944,Christchurch Civil Defence Emergency Management are on Twitter.  Follow them for info on #eqnz relief efforts. ^DR,rescue_volunteering_or_donation_effort,other_relevant_information,0.85,,ok
798816763869687808,The cow rescue may well be the most iconic story out of all the other earthquake news ὤ8ὠ2,rescue_volunteering_or_donation_effort,not_humanitarian,0.95,,ok
797923549004468225,Video: Scenes of destruction and devastation from #eqnz,other_relevant_information,infrastructure_and_utility_damage,0.85,,ok
797790587755712512,Well tsunami might be a thing in New Zealand #pray,not_humanitarian,sympathy_and_support,0.85,,ok
797893275784908802,So lucky. Our only damage from #eqnz was this ugly 1970s light fitting that no longer works. Hope everyone is safe and well!,sympathy_and_support,infrastructure_and_utility_damage,0.85,,ok
797813835512025088,"RT @djaybutt: Disturbing that @NZcivildefence called out for poor action on tsunami warnings, @geonet gagged on #eqnz tsunami /",not_humanitarian,caution_and_advice,0.85,,ok
797815087142563840,RT @dch__: Reminder to Kiwis that tsunami can also be triggered by post-quake undersea landslides” keep away from the coast #eqnz it’s not,other_relevant_information,caution_and_advice,0.95,,ok
798355270241914880,Radio is best in an emergency! It was so reassuring listening to National Radio on Sunday evening after the earthquake. Radio is best!,not_humanitarian,sympathy_and_support,0.8,,ok
800789229429137409,Im sure this is just cosmetic damage.ὢC #eqnz,not_humanitarian,infrastructure_and_utility_damage,0.85,,ok
797840209077420032,"RT @MarlDistCouncil: #eqnz update on Info on road closures, tsunami warning, power outages, welfare centres and supermarkets.",other_relevant_information,infrastructure_and_utility_damage,0.9,,ok
797891469562392576,Swathes of coastal NZ has scary evacuation sirens blaring. But predicted 5m waves isnt the same as Japans 39m whopper in 2011.,caution_and_advice,displaced_people_and_evacuations,0.85,,ok
800445573031563264,"RT @MarlEmergency: Post #eqnz recovery information for Blenheim, Seddon &amp; Ward:",not_humanitarian,other_relevant_information,0.85,,ok
797798611820036097,2 metre high #tsunami has hit Kaikoura #NZ after M7.5 quake - #eqnz,caution_and_advice,other_relevant_information,0.9,,ok
771565422202146817,RT @gregory_karris: Massive 7.2 magnitude earthquake strikes off New Zealand coast,caution_and_advice,other_relevant_information,0.85,,ok
797929135746138112,Early Monday morning a 7.5 magnitude earthquake shook the South Island of New Zealand! New Zealand is my country.Wish us luck @Kat_McNamara,caution_and_advice,sympathy_and_support,0.85,,ok
797968554259791872,Civil Defence says theres no tsunami threat following the two big aftershocks in the South Island.  #eqnz,other_relevant_information,caution_and_advice,0.9,,ok
797849566179655680,"Powerful 7.4 earthquake strikes near Christchurch, New Zealand - BBC News  #worldnews",caution_and_advice,other_relevant_information,0.85,,ok
798063239380615169,PM John Key sees Kaikouras widespread destruction from air  #eqnz #kaikoura,other_relevant_information,infrastructure_and_utility_damage,0.9,,ok
797839263362490369,Appreciate your concern for New Zealand. But why pray to a God who didnt stop the earthquake in the first place? #ExChristian #atheist,sympathy_and_support,not_humanitarian,0.95,,ok
798331492699029504,"First earthquakes, now floods, whats next #eqnz #Wellington",caution_and_advice,not_humanitarian,0.85,,ok
798351144640593920,Water supply being restored to Waiau after earthquakes. @HurunuiDC #eqnz,other_relevant_information,infrastructure_and_utility_damage,0.9,,ok
800119608237666304,RT @iandeterte: I may be going out on a lim here but % probabilities of another earthquake happening are not helpful but what to do in an #,other_relevant_information,caution_and_advice,0.85,,ok
797923660795297792,RT @sarb: .5 Tell them how adults feel and what the actions of adults under stress mean. This will prevent children blaming themselves #kid,other_relevant_information,caution_and_advice,0.8,,ok
797790300684943360,Well thats price for living in Lyall Bay - #tsunami warning after #eqnz,not_humanitarian,caution_and_advice,0.85,,ok
798308294020317185,Military planes and ships sent to quake-affected areas  #eqnz,rescue_volunteering_or_donation_effort,other_relevant_information,0.85,,ok
798411448494030848,RT @TheSpinoffTV: Kaikoura #eqnz aftershocks: the latest probabilities of major shakes in coming days,caution_and_advice,other_relevant_information,0.85,,ok
797810639934607360,Thanks for all the messages of concern. Were back in our building riding out the aftershocks. Some are quite strong. #eqnz,sympathy_and_support,other_relevant_information,0.85,,ok
798358523574972416,"Lots of aftershocks in #NewZealand, Kiwis are very resilient, we can get through this as a nation #eqnz",other_relevant_information,sympathy_and_support,0.85,,ok
798020183281389568,Lets help and support anyway we can New Zealand!! Unfortunately another earthquake! #kiwistotherescue,sympathy_and_support,rescue_volunteering_or_donation_effort,0.85,,ok
798426565357031426,RT @jhaue: Thousands of landslides and hundreds of tremors after New Zealand quake,caution_and_advice,other_relevant_information,0.9,,ok
797878058669592576,"Strong aftershocks keep happening, including a strong 4.8 magnitude shake 10km north of Wellington #eqnz",caution_and_advice,other_relevant_information,0.85,,ok
797949836771213313,These aftershocks are not nice.. #eqnz,other_relevant_information,not_humanitarian,0.85,,ok
799894915865972737,RT @NZDefenceForce: NEWS || NZDF thanks foreign crews for supporting relief:  // #eqnz #Kairoura,rescue_volunteering_or_donation_effort,not_humanitarian,0.85,,ok
797882477998051328,"earthquakes &amp; tsunami warnings. not really how i wanted to spend my night/day. stay safe, new zealand x",sympathy_and_support,caution_and_advice,0.95,,ok
798619163153600518,"Dear Cantabrians, please sign &amp; share this. The sooner Govt. decides the less economic damage to the SI.  #EQNZ",requests_or_urgent_needs,not_humanitarian,0.85,,ok
798365343815077888,Sensible information on the role of the supermoon in the earthquakes #eqnz,other_relevant_information,not_humanitarian,0.95,,ok
797806505844178944,NEW: #Tsunami confirmed along #NewZealand coast. This chart shows ~4-5 ft. of water on top of normal tide. Aftershocks reported #eqnz,caution_and_advice,other_relevant_information,0.9,,ok
797794346410000384,Live updates - Thousands urged to flee to higher ground in tsunami warning sparked by New Zealand earthquake,caution_and_advice,displaced_people_and_evacuations,0.95,,ok
798017187025809412,That moment when they say to boil your water after you have already drunk non boiled water #eqnz Xx,not_humanitarian,caution_and_advice,0.85,,ok
797803382211629057,RT @Iikeanangel: watch the 5.9 earthquake in chile get more coverage and interest than the 7.9 quake in nz lmao #eqnz,caution_and_advice,not_humanitarian,0.95,,ok
798053992076972032,"More aftershocks! Come on, man! (Hataitai) #eqnz",other_relevant_information,not_humanitarian,0.85,,ok
797965574991122433,Weve updated our services affected by the earthquakes on this page of our website:  ^Libby #eqnz,other_relevant_information,infrastructure_and_utility_damage,0.85,,ok
800833169226240000,Paua industry welcomes three-month harvest ban to better understand damage to fishery #eqnz  via @ScoopNZ,other_relevant_information,not_humanitarian,0.95,,ok
797902804178219008,msg to all concerned family with people in the hills - all are well and safe in the Mt Cook region after last nights #earthquake #NewZealand,not_humanitarian,sympathy_and_support,0.85,,ok
798074450792976384,"These New Zealand Earthquakes are crazy like what the hell is happening , The whole country is getting Quakes and Tsunami warnings",not_humanitarian,caution_and_advice,0.85,,ok
797961679283683328,"Bloody hell, again with the aftershocks and that was a big one. I picked the wrong time to give up [insert relexant of choice] #eqnz",other_relevant_information,not_humanitarian,0.9,,ok
798435461752496128,RT @figuredapp: Were all in this together #eqnz here are a few ways we can all help those affected by the earthquakes + floods: .,caution_and_advice,rescue_volunteering_or_donation_effort,0.9,,ok
798056346851549184,#eqnz just had about 4 aftershocks quite close together,caution_and_advice,other_relevant_information,0.85,,ok
797808707727855617,RT @tappybee: Wellington CBD drinking water looks disgusting #eqnz,not_humanitarian,infrastructure_and_utility_damage,0.85,,ok
797794712866299904,RT @peregrinekiwi: There are fake tsunami pictures going around ATM. Step one to check if theyre real: is it night time in the picture? #e,other_relevant_information,caution_and_advice,0.85,,ok
797854518524317696,"At 12.05am when first reports of quakes throughout the country came through it was a reliable service in an emergency, want news not music.",caution_and_advice,other_relevant_information,0.85,,ok
797796516802936832,Stay safe to all those in Petone and Lower Hutt areas with Tsunami sirens going off keep moving and stay safe! #eqnz,sympathy_and_support,caution_and_advice,0.95,,ok
798817181928521729,Thanks New Zealand. We just had another earthquake in my town and its making me motion sick and restless.,sympathy_and_support,not_humanitarian,0.9,,ok
800542118720569344,Extensive coverage from the past week - The Disaster Recovery Assistance following the 7.8 magnitude #eqnz  @USNavy,rescue_volunteering_or_donation_effort,other_relevant_information,0.85,,ok
797810687145713664,RT @MTVNewZealand: WARNING: A tsunami has been generated. Stay safe ❤️  #EQNZ #TsunamiWarning #EarthquakeNewZealand,sympathy_and_support,caution_and_advice,0.95,,ok
797858591004708864,RT @CovertAnonymous: [VIDEO]: Tsunami Hits New Zealand After Massive 7.8 Earthquake Strikes,caution_and_advice,other_relevant_information,0.85,,ok
797806003785895937,"Going to try and sleep now. But live near the water, entirely possible tsunami sirens may go off still Pretty sure itll be ok though. #eqnz",not_humanitarian,caution_and_advice,0.8,,ok
797869058095878146,"You may have heard New Zealand suffered another earthquake yesterday, Just to let you know, were all ok, no",other_relevant_information,sympathy_and_support,0.85,,ok
798431929062129664,"Itching to get into the hills, but a bit worried about putting the tent up on a pending landslide, or under one #eqnz",not_humanitarian,caution_and_advice,0.85,,ok
797794322842349568,RT @besteverhandle: Are there supposed to be tsunami sirens sounding in Lyall Bay? #eqnz,other_relevant_information,caution_and_advice,0.85,,ok
797792974738333697,RT @weatherchannel: UPDATE: New Zealand #earthquake upgraded to magnitude 7.8. #Tsunami has been generated:,caution_and_advice,other_relevant_information,0.9,,ok
797842044408315904,I cant stop shaking since that earthquake this morning.. lying in bed and wondering when the next earthquake will be #eqnz #wellington,other_relevant_information,sympathy_and_support,0.8,,ok
797830321781604352,RT @NWSEureka: NO tsunami expected on the west coast of North America:,not_humanitarian,caution_and_advice,0.95,,ok
797862375252639744,Tsunami warning: we are evacuating Akita and Herbertville residents. Please stay away from coastal areas and listen to your radio.,caution_and_advice,displaced_people_and_evacuations,0.95,,ok
797817583105753088,"@bremNZ not even sure if its physically possible to get son to school for exam, will have to see the state of the roads in daylight #EQNZ",other_relevant_information,infrastructure_and_utility_damage,0.85,,ok
797820209784557568,Tsunami Hits New Zealand After Series Of Strong Earthquakes Debris from buildings on a si,other_relevant_information,infrastructure_and_utility_damage,0.9,,ok
798810010541117440,Mama nature isnt very happy with us at the moment is she? ᾑ4 #eqnz #storms #floods #roadslips #tornado Stay safe Aotearoa!!!,not_humanitarian,caution_and_advice,0.85,,ok
797798966993637376,#eqnz still heaps of aftershocks but my mum is sleeping with me so that makes the situation a bit better ὠ2,not_humanitarian,sympathy_and_support,0.85,,ok
797794949739593729,Really @TVONENZ? Emmerdale Farm? What kind of state broadcaster are u? tsunami wrning 4 the whole east coast &amp; bloody Emmerdale Farm #eqnz,not_humanitarian,caution_and_advice,0.9,,ok
798668870860976128,RT @maryteatowel: #NZ military on the move to get supplies to stranded settlements &amp; bring people out #eqnz,rescue_volunteering_or_donation_effort,displaced_people_and_evacuations,0.95,,ok
797873193402834944,Our Wellington office will be closed today due to #eqnz. Stay safe everyone,sympathy_and_support,caution_and_advice,0.85,,ok
800893823907790848,"@MatPatGT We had one in New Zealand last week, 7.5 but luckily no tsunami",other_relevant_information,not_humanitarian,0.95,,ok
797790246242897921,RT @NZUSLegal: #Tsunami alert upgraded 2 destructive level 4 ALL coastal areas of North Island AND South Island. Please heed! Move 2 higher,infrastructure_and_utility_damage,caution_and_advice,0.95,,ok
798064665028722689,These aftershocks seem to be getting bigger! House shaking and creaking non-stop. #eqnz,other_relevant_information,infrastructure_and_utility_damage,0.8,,ok
797811433501138944,I live just north of that upper finger of the tsunami threat area for Wellington. Safely on a hill. #eqnz #tsunami,other_relevant_information,caution_and_advice,0.8,,ok
800580694749560832,"Government never, ever told to upgrade tsunami warning system - Brownlee  via @nzherald #eqnz",not_humanitarian,other_relevant_information,0.85,,ok
797910166473580544,Tankers will be refilling the reservoirs but this will only keep up with drinking supply. U will need to continue conserving water 2/2 #eqnz,requests_or_urgent_needs,caution_and_advice,0.95,,ok
797925393483206656,Some of the damage caused by the 7.5 magnitude earthquake that struck New Zealands south island. Two people dead.,infrastructure_and_utility_damage,injured_or_dead_people,0.95,,ok
798342145308381184,These aftershocks wont stop in P-Town #eqnz,caution_and_advice,other_relevant_information,0.85,,ok
797857531909419008,RT @KaitlinRuddock: BNZ Harbour Quay building closed again - no one to enter until structurally accessed @1NewsNZ #eqnz,other_relevant_information,infrastructure_and_utility_damage,0.95,,ok
797887830311596032,Will these aftershocks ever stop? #overit #eqnz,other_relevant_information,not_humanitarian,0.95,,ok
798401163326607361,RT @RobertGlasserUN: Evacuation warnings as #earthquake triggers #tsunami in New Zealand south island #switch2sendai #TsunamiDay2016 :,caution_and_advice,displaced_people_and_evacuations,0.95,,ok
797878710288252929,RT @LiamMcEwan: Just felt a massive earthquake. Thankful for the times Ive been taught how to be safe in that situation. #eqnz,other_relevant_information,caution_and_advice,0.85,,ok
797833697776967681,7.8 magnitude.. multiple aftershocks up to 5.5 magnitude #eqnz,caution_and_advice,other_relevant_information,0.85,,ok
797882960493973504,@ThomasSanders So multiple parts of new Zealand had Earthquakes today. There was tsunamis &amp; tsunami warning &amp; now Ive been awake for 24hrs,not_humanitarian,caution_and_advice,0.85,,ok
800960361214005248,Richie McCaw with @NZRedCross volunteer Craig.,rescue_volunteering_or_donation_effort,not_humanitarian,0.95,,ok
797861613852184576,RT @IHLaking: This is the sound of tsunami sirens in NZ rn. #EQNZ,not_humanitarian,caution_and_advice,0.85,,ok
797941435727155200,RT @hashtagspooby: Me to everyone who was affected by #eqnz. ὇Bὢ3,not_humanitarian,sympathy_and_support,0.95,,ok
797798960391782401,RT @nzpost: .@NZcivildefences website has details about evacuation zones if youre unsure. #eqnz ^Libby,displaced_people_and_evacuations,caution_and_advice,0.95,,ok
797992417798406144,Search and Rescue teams are in #Kaikoura and #Wellington assessing buildings &amp; using drones to asses damage #eqnz #earthquake,rescue_volunteering_or_donation_effort,infrastructure_and_utility_damage,0.9,,ok
797837016280879104,Residents in Wellington mayve witnessed a luminous phenomenon during this mornings quakes  #eqnz,other_relevant_information,not_humanitarian,0.95,,ok
797859977197015040,@TheNotoriousMMA Conor McGregors punches delivered a magnitude 7.5 at midnight last night in @newzealand . Threat of tsunami. #earthquake,other_relevant_information,not_humanitarian,0.95,,ok
797959117327319040,"Kudos for wonderfully co-ordinated efforts of @rnz_news, @NZcivildefence, @geonet ++, plus good service from our internet providers! #eqnz",other_relevant_information,not_humanitarian,0.9,,ok
800815052185948160,The Japanese are so much more onto it than us in NZ with Tsunami warnings and details about their quake. Time to wake up NZ #eqnz,not_humanitarian,caution_and_advice,0.85,,ok
797827759531651072,"RT @FoxNews: Powerful magnitude 7.8 earthquake strikes New Zealand, triggering tsunami  #FOXNewsWorld /",caution_and_advice,other_relevant_information,0.85,,ok
797951721922117632,"Ok, actually have packed a little bag in case of a quick escape. Plus there is the wheelybin out back with our emergency supplies #eqnz",rescue_volunteering_or_donation_effort,caution_and_advice,0.9,,ok
797962559118639104,Sat down at my desk and the desk began to move! #eqnz #Wellington,other_relevant_information,not_humanitarian,0.95,,ok
797923754437263360,RT @grantrobertson1: Had a query on where CBD residents can go if building unsafe- emergency centres Biz Dojo 115 Tory St+Loaves+Fishes nex,caution_and_advice,displaced_people_and_evacuations,0.95,,ok
797877313190830080,Breaking News: EQC is broke from previous earthquake no claims will be accepted #eqnz,other_relevant_information,infrastructure_and_utility_damage,0.8,,ok
797816215527768069,"RT @NZcivildefence: A tsunami has been generated, the first wave has arrived in the North Eastern Coast of the South Island. #eqnz",other_relevant_information,caution_and_advice,0.95,,ok
797846340646469633,"RT @WeatherWatchNZ: 5:55am NEWS update, + updated THREAT map &amp; the latest #TSUNAMI gauges (all back online)",caution_and_advice,other_relevant_information,0.85,,ok
797941926863343617,RT @skylightnz: Skylight has a range of useful information for all who are impacted by the #earthquake,caution_and_advice,other_relevant_information,0.85,,ok
797801305867567104,RT @craigcook3: Two metre waves have been recorded at Kaikoura 170km north of Christchurch from a tsunami caused by the South Island earthq,caution_and_advice,other_relevant_information,0.85,,ok
798035201779564545,All you need to know from the earthquake experts @gnsscience #staysafeandholdon,other_relevant_information,caution_and_advice,0.85,,ok
797937843112771584,Never thought Id experience my first quake in #Hamiltonnz.. Felt 2 long rolling rumbles last night. #eqnz,other_relevant_information,not_humanitarian,0.95,,ok
800523041264414720,"Therell be heavy delays across the South Island all summer, with roads damaged by #EQNZ",caution_and_advice,infrastructure_and_utility_damage,0.95,,ok
799988832896688133,.@NZAirForce FLTLT Chipman coordinating w/ @US7thFleet LT OKeefe on PC-3 #eqnz relief flight shows value of partnership &amp; interoperability,rescue_volunteering_or_donation_effort,other_relevant_information,0.85,,ok
797808883695845376,New Zealand earthquake today: Two-metre high tsunami recorded off South Island  #worldnews #news #breakingnews,caution_and_advice,other_relevant_information,0.85,,ok
797888937553334272,RT @Tui_Tech: Well have continued coverage on todays M7.5 quake &amp; tsunami threat with a #Newshub special from 9am. Thinking of all those,other_relevant_information,sympathy_and_support,0.85,,ok
797930073944752129,Biggest #earthquake Ive ever felt! 7.5 scary as!! Felt every single aftershock since!! #eqnz,other_relevant_information,not_humanitarian,0.95,,ok
797791758599884800,"RT @FitKiwi: If you are in a low lying area of Wellington close to water, please evacuate to higher ground. Lyall Bay, Petone, Kapiti Coast",caution_and_advice,displaced_people_and_evacuations,0.95,,ok
798258712800423936,"Mother Nature still giving us her all, as the floods begin #eqnz #wellington",other_relevant_information,not_humanitarian,0.85,,ok
797852277163716608,Schools from North Canterbury to Wellington told to remain shut until damage assessment carried out #eqnz:,infrastructure_and_utility_damage,caution_and_advice,0.9,,ok
797798775657930752,RT @Asher_Wolf: Apparently @SkyNewsAust sent a reporter to the waterfront during a tsunami warning. Journalism doesnt pay enough for this,not_humanitarian,caution_and_advice,0.85,,ok
800835784647376896,Live Stream of Tsunami from Japan #eqnz,other_relevant_information,not_humanitarian,0.9,,ok
797878510425546752,"7.5 magnitude Earthquake in South Island, and felt all over New Zealand. Aftershocks happening, last one was 5.6 magnitude",caution_and_advice,other_relevant_information,0.9,,ok
797908920643657728,RT @Carmilla5: Hell look at that! RT @viralpoet: SH1 and surrounding areas will be shut for a while. #eqnz,caution_and_advice,infrastructure_and_utility_damage,0.85,,ok
797877401577353216,"Ok, enough with the aftershocks, thanks Mother Nature. Just settle down. #eqnz",other_relevant_information,not_humanitarian,0.95,,ok
797988403870502912,"Please donate to our special earthquake appeal. Help your neighbours, friends &amp; fellow Kiwis  #eqnz",requests_or_urgent_needs,rescue_volunteering_or_donation_effort,0.95,,ok
798104978829279232,New Zealand v Pakistan: First Test in Christchurch set to proceed after earthquake,other_relevant_information,not_humanitarian,0.95,,ok
797883105293938688,Ouch.. Well that building is a write off #eqnz #wgtn cbd,other_relevant_information,infrastructure_and_utility_damage,0.95,,ok
798304832440311808,882 aftershocks after the initial 7.5 magnitude earthquake. @OshiSeven #eqnz,caution_and_advice,other_relevant_information,0.9,,ok
797806340072558594,"NEWS ALERT: A 7.5 magnitude earthquake has struck near Hamner Springs Newzealand, north of Christchurch, New",caution_and_advice,other_relevant_information,0.9,,ok
798054728974221312,"Since 7.6 earthquake last night, New Zealand is constantly shaking like a drunk old man!",not_humanitarian,other_relevant_information,0.85,,ok
797802078324146176,@priyankachopra #earthquakeNZ Hit by 7.5 mag earthquake &amp;over 20 aftershocks ranging 5.0 &amp;over.Tsunami warning issued.God bless Newzealand,caution_and_advice,sympathy_and_support,0.85,,ok
771453515046584320,EARTHQUAKE UPDATE: The Ministry of Civil Defence &amp; Emergency Management (MCDEM) has cancelled the tsunami marine,caution_and_advice,other_relevant_information,0.85,,ok
797790250449784832,RT @TroyBaisden: Some &lt;1 m tsunami waves have made it to Wellington according to this chart. #eqnz,caution_and_advice,other_relevant_information,0.85,,ok
797825776821207040,Still feeling them aftershocks. heart rate back up again #eqnz,other_relevant_information,not_humanitarian,0.9,,ok
797799025831354369,Watching the tsunami ebb and flow:  #eqnz,other_relevant_information,not_humanitarian,0.95,,ok
797889246593830912,Fair play to all the buildings standing. I could barely stand in the quake and I have a brain to make me counteract the earthquake #eqnz,not_humanitarian,infrastructure_and_utility_damage,0.8,,ok
798716791782522880,First US Warship Changes Route to Help Earthquake Evacuation in New Zealand,rescue_volunteering_or_donation_effort,displaced_people_and_evacuations,0.9,,ok
798435328914694144,100% agree @NZDefenceForce has been fantastic this week - helping all New Zealanders see/understand/comprehend the damage:,rescue_volunteering_or_donation_effort,infrastructure_and_utility_damage,0.85,,ok
798450128407252992,RT @AJEnglish: A 7.8-magnitude earthquake in New Zealand triggered 250 aftershocks and a tsunami.,caution_and_advice,other_relevant_information,0.9,,ok
798014949146566657,"Published on Nov 13, 2016 A powerful earthquake has hit northeast of Christchurch, a city in New Zealand,",not_humanitarian,other_relevant_information,0.9,,ok
797791365518106627,"RT @mikeyardleynz: Civil Defence communications about Tsunami threat has been an epic fail. A hot mess of contradiction, btwn local &amp; natio",other_relevant_information,caution_and_advice,0.8,,ok
797879031827820544,OMG. There are some shitbags out there. Looting houses after people evacuate from earthquake. #eqnz @TV3nz @PaulHenryShow,displaced_people_and_evacuations,other_relevant_information,0.85,,ok
798407520498884608,RT @TheaGood: National monitor says 860 earthquakes recorded in New Zealand since powerful 7.5 magnitude earthquake hit Sunday - @geonet,caution_and_advice,other_relevant_information,0.85,,ok
797908937664131072,#eqnz our tap water here in #wellington is murky. OK to drink @WREMOinfo?,other_relevant_information,caution_and_advice,0.9,,ok
799936213817769984,Huge seabeds are left exposed after a 7.8 magnitude earthquake in New Zealand lifted them six feet higher,other_relevant_information,infrastructure_and_utility_damage,0.85,,ok
798049526284107776,RT @votingnz: #NewZealand politicians use neede resources to dispense platitudes to #earthquake victims,not_humanitarian,sympathy_and_support,0.85,,ok
771428904099655680,"Over 30 aftershocks registered so far this morning, in less than 3hrs since the 4:37am M7.1 off East Cape. #eqnz #earthquake #NewZealand",caution_and_advice,other_relevant_information,0.9,,ok
797928327335919616,5000 homes are still without power in Wellington #eqnz,other_relevant_information,infrastructure_and_utility_damage,0.95,,ok
797827166545117184,These aftershocks and tsunami warnings have me feeling way too uneasy to get any sleep! #eqnz,not_humanitarian,caution_and_advice,0.85,,ok
797804377750671360,RT @caity_petersonn: Civil defence warns that first tsunami wave may not be the biggest. Waves could continue to occur for next few hours #,other_relevant_information,caution_and_advice,0.95,,ok
797804518037520384,Earthquake: What you need to know - Radio New Zealand  #news,other_relevant_information,not_humanitarian,0.9,,ok
798017891425656832,7.5 Magnitude earthquake! Im still shaking &amp; these aftershocks are not helping.weve had about 400 earthquakes since the massive one #eqnz,caution_and_advice,other_relevant_information,0.85,,ok
771442325901840384,"@whites2016 Anytime up to midday, 7.4 magnitude earthquake offshore",caution_and_advice,other_relevant_information,0.85,,ok
798623597795352580,Several NZ ships and a US destroyer will help move up to 1000 people stranded in quake-hit #Kaikoura  #eqnz,rescue_volunteering_or_donation_effort,displaced_people_and_evacuations,0.95,,ok
798804752574230529,RT @torpidkiwi: The 1855 Wellington earthquake had an estimated Magnitude of 8.2” CD site to help kids just soiled my trousers. #eqnz,other_relevant_information,not_humanitarian,0.95,,ok
798019994210553856,"RT @annabelj1998: My @geonet app is going off! Hope everyone is okay, please stay safe #wellington #earthquake #newzealand",sympathy_and_support,caution_and_advice,0.85,,ok
797910887839342596,Earthquake forces some South Island supermarket closures  #eqnz,other_relevant_information,infrastructure_and_utility_damage,0.9,,ok
771460401544388608,Oh man. Theres nothing quite like waking up to an earthquake and then there being a tsunami warning. Living by the beach has downsides ὠ5,other_relevant_information,caution_and_advice,0.85,,ok
797793209925517317,"82 earthquakes and counting in the past 2h15m, since the 7.5 hit near Hanmer springs #NewZealand #earthquake",caution_and_advice,other_relevant_information,0.85,,ok
798084239480614913,❤️ὢ2❤️ὢ2 #EQNZ reality setting in #community #kiakaha PM John Key sees Kaikouras widespread destruction from air,infrastructure_and_utility_damage,sympathy_and_support,0.8,,ok
797792476924821504,"#YWCAuckland16: No damage reported in Auckland following the earthquake ahead of youth womens world champs next month. Stay safe, NZ #EQNZ",not_humanitarian,infrastructure_and_utility_damage,0.85,,ok
800509488805466113,LIVE on #Periscope: MPI Minister Nathan Guy updating fisheries assistance package #eqnz,rescue_volunteering_or_donation_effort,not_humanitarian,0.9,,ok
798358076176769024,Helps arrived for quake-stranded people. Our NH90s are now flying them out of the quake-damaged area. More:  #eqnz,rescue_volunteering_or_donation_effort,displaced_people_and_evacuations,0.95,,ok
797815974397231104,Work closed tomorrow while buildings checked #StaySafe #eqnz,other_relevant_information,infrastructure_and_utility_damage,0.85,,ok
797794696001159170,#New Zealand civil defense says no tsunami threat to the country following severe earthquake,caution_and_advice,other_relevant_information,0.9,,ok
797833312643387392,On @RadioNZ - Bill Fry - tsunami had been caused by the land based #eqnz - no landslide into an underwater canyon etc.,caution_and_advice,other_relevant_information,0.85,,ok
797966876101877760,Felt that aftershock here! Stay safe to those in the worst affected areas #earthquake #eqnz #nzearthquake,sympathy_and_support,caution_and_advice,0.85,,ok
800521892884926466,@USNavy P-3C pilot is happy to help. Read more  #eqnz,rescue_volunteering_or_donation_effort,not_humanitarian,0.85,,ok
797901192449835008,#RIP to the two people who died in last nights earthquake #eqnz o,sympathy_and_support,injured_or_dead_people,0.95,,ok
798021198621720576,"Wondering around house life a headless chook. Should clean up, but putting supplies in car. Very rainy, windy now. #eqnz prepared",rescue_volunteering_or_donation_effort,caution_and_advice,0.8,,ok
798048428156555264,"RT @edufk: PSA: if youre taking photos of cracks from earthquake damage, always a good idea to have a ruler in the frame to provide scale",infrastructure_and_utility_damage,caution_and_advice,0.95,,ok
797861638271418368,RT @SkyNewsBreak: New Zealand media reports tsunami over two metres high recorded near Kaikoura on countrys South Island following magnitu,caution_and_advice,other_relevant_information,0.85,,ok
797881807077130240,Updated tsunami threat from @NZcivildefence #eqnz,other_relevant_information,caution_and_advice,0.9,,ok
798470211405889536,"If the 7.5 magnitude quake struck at a different time, it could have been much worse. #eqnz",other_relevant_information,not_humanitarian,0.85,,ok
797979759774793729,Public Health | If you need medical assistance contact your GP or afterhours service. Emergency? dial 111:  #Eqnz,rescue_volunteering_or_donation_effort,caution_and_advice,0.95,,ok
771430949120638976,Woke up to A 7.1 magnitude earthquake off New Zealands East Cape has caused tsunami activity ὣ3ὣ3 #tsunamiwarning,not_humanitarian,caution_and_advice,0.9,,ok
797815287550615553,RT @cintaforklift: Dear wellingtonion stay safe everyone 7.5magnitude td and td da ada tsunami alert,sympathy_and_support,caution_and_advice,0.9,,ok
798029009246298112,#Wellington #eqnz Stay safe everyone ὤF,sympathy_and_support,caution_and_advice,0.85,,ok
771462732512055296,"@NZStuff Another day another earthquake. No one killed, civil defence justified their existence, and water to be boiled. Status Quo then?",other_relevant_information,infrastructure_and_utility_damage,0.85,,ok
798897361397256192,RT @SimonMakker: @NZRedCross focus now shifts from evacs to the welfare of #kaikoura residents. House visits started today and will continu,rescue_volunteering_or_donation_effort,displaced_people_and_evacuations,0.85,,ok
797941433713848320,"@JamesonRolnik No water, sewage, phone, internet in Kaikoura. 2 people killed, NOT your family. Hope you hear from them soon #Kaikora #eqnz",injured_or_dead_people,infrastructure_and_utility_damage,0.9,,ok
771469273285795842,@belperi Best ask metlinkwgtn such things. Happy to provide solid tsunami and earthquake advice but it relies on being awake.,not_humanitarian,caution_and_advice,0.8,,ok
798350201652060160,RT @TheEdgeNZ: #BREAKING Two severe aftershocks have struck Kaikoura and Seddon:  #eqnz,caution_and_advice,other_relevant_information,0.85,,ok
800828925219737601,I wouldnt want to be anywhere near Cuba Street during a big Wellington quake. The Chch experience shows exactly what would happen.,other_relevant_information,caution_and_advice,0.85,,ok
771433703666876417,"USGS reports a M5.5 #earthquake 157km NE of Opotiki, New Zealand on 9/1/16 @ 19:18:32 UTC  #quake",caution_and_advice,other_relevant_information,0.9,,ok
797802081868345346,"@ajdupontz28 @AnKarpo @Debs__22 the Bay near our home is drained of water - people moving to higher ground,fuck that were outta here #eqnz",caution_and_advice,displaced_people_and_evacuations,0.95,,ok
800606183723671552,Kaikoura #eqnz observations from a person who didnt experience the M7.8 &amp; so far any major aftershocks. Its a strange feeling because,other_relevant_information,not_humanitarian,0.9,,ok
797981759342157824,"Big thank you to those who worked through the night to help others - lines network crews, emergency services and media #service #eqnz",sympathy_and_support,rescue_volunteering_or_donation_effort,0.9,,ok
797790615438143488,RT @goodvibeshire: Everyone in the risky areas urged to seek higher ground until given the official all clear #eqnz,other_relevant_information,caution_and_advice,0.95,,ok
797958697519435776,"Wow, awful night. Hit by 7.2 #earthquake in Wgtn, went on forever. Without power for 12 hrs. Pray for those affected #Kaikoura #NewZealand",sympathy_and_support,infrastructure_and_utility_damage,0.9,,ok
797823043011825664,RT @HuffPostAU: #BREAKING: A tsunami has hit NZs northern coast on south island following 7.8 magnitude quake #eqnz,caution_and_advice,other_relevant_information,0.9,,ok
797794869221748737,RT @SkyNewsBreak: New Zealand authorities say a magnitude 7.4 earthquake has generated a tsunami with the first waves hitting the countrys,caution_and_advice,other_relevant_information,0.9,,ok
798005887810043904,Aerial shots of the #nzearthquake damage in #Kaikoura from the NZDefenceForce #eqnz #NewZealand,other_relevant_information,infrastructure_and_utility_damage,0.9,,ok
798031239034744832,382 #aftershocks #eqnz according to The Herald. ὢF,caution_and_advice,other_relevant_information,0.85,,ok
771431179794853889,"Apparently I missed the earthquake this morning despite being awake And now a #tsunami warning, missed that too #eqnz",not_humanitarian,caution_and_advice,0.85,,ok
798098539205128192,How about we all just agree that aftershocks ARE FREAKING EARTHQUAKES. As you were. #eqnz,other_relevant_information,not_humanitarian,0.95,,ok
798026192699785216,Turned @geonet notifications off for a while and just checked my iPad. Think we may have had a couple of aftershocks #eqnz #StaySafe,other_relevant_information,caution_and_advice,0.7,,ok
797790972058796032,"Latest: Tsunami sirens sounding here in Christchurch, evacuated due to tsunami warning following #eqnz",caution_and_advice,displaced_people_and_evacuations,0.95,,ok
798808951978475520,"In 48hrs #whyWellington has had #eqnz, tsunami warning, floods, mini tornado &amp; soon a Southerly hits. But you cant beat Welly on a gd day:",caution_and_advice,other_relevant_information,0.8,,ok
798019084663201792,Reading that theres a higher chance now of another big earthquake soon isnt comforting+the impending storms! Stay safe everyone #eqnz,sympathy_and_support,caution_and_advice,0.85,,ok
798283345171869696,Most we know of are reporting relatively moderate damage. One did say they broke a glass in their tasting room however!,infrastructure_and_utility_damage,not_humanitarian,0.95,,ok
797879008742363137,"@skye_rtin Im a 2011 chch eqnz refugee, so yeah. Its just so tiring",not_humanitarian,displaced_people_and_evacuations,0.85,,ok
798050457490862080,"RT @abcnews: #NewZealand #earthquake causes utter devastation, @johnkeypm predicts multi-million-dollar damage bill",other_relevant_information,infrastructure_and_utility_damage,0.95,,ok
800816948317556736,"NZStuff: No tsunami threat to New Zealand after 7.3 magnitude earthquake hits off the coast of Fukushima, Japan",other_relevant_information,not_humanitarian,0.95,,ok
798617590830534657,"If you have any pet food that you would be willing to spare, please drop it off to our Animal Centre at 14 Wilmers Road. #ttrtpt #eqnz",requests_or_urgent_needs,rescue_volunteering_or_donation_effort,0.9,,ok
797941844160090113,RT @FinnDinneen: .@geonets aftershock probabilities. Stay safe everyone. #eqnz,sympathy_and_support,caution_and_advice,0.9,,ok
798732456119582720,"Now hailing in Arrowtown! A bad week for NZ with #eqnz, floods, gale force windsa bit unfair when it wasnt us who voted Trump!",other_relevant_information,not_humanitarian,0.95,,ok
797910646398431232,Raglan water supply still affected. Please conserve water. Only use for drinking. You do not need to boil it.  #eqnz,requests_or_urgent_needs,caution_and_advice,0.95,,ok
797852453228015617,"Earthquake - 7.8 - 53km NNE of Amberley, New Zealand: EARTHQUAKE (WARNING)",other_relevant_information,caution_and_advice,0.95,,ok
797845868007170048,RT @WREMOinfo: There are no boil water notices but weve heard reports of water affected. Contact Wellington Water @WgtnWaterOutage if conc,caution_and_advice,infrastructure_and_utility_damage,0.85,,ok
797962638370082816,"RT @kkbelle: 100-year-old &amp; daughter-in-law rescued fro historic homestead rubble, but son didnt make it #eqnz  #e",rescue_volunteering_or_donation_effort,injured_or_dead_people,0.9,,ok
800817299166900224,There is no tsunami threat to New Zealand after a 7.3M earthquake in Japan this morning. The Ministry of Civil,other_relevant_information,caution_and_advice,0.85,,ok
797799699306512385,RT @caity_petersonn: Main roads in Christchurch heading from eastern suburbs into town are becoming congested. Traffic still moving but slo,caution_and_advice,infrastructure_and_utility_damage,0.8,,ok
797852228849582081,RT @KikiKaliG: Red sky at dawn following the massive quake that just rocked NZ #eqnz,other_relevant_information,not_humanitarian,0.95,,ok
798731410206920704,"If you need support during the quakes, if youre worried for your whānau, please call - day or night. Youre not alone. 0800 777 846. #eqnz",rescue_volunteering_or_donation_effort,caution_and_advice,0.85,,ok
797908121377128449,RT @ImJaveria: It was a terrible #Earthquake here in NewZealand. Everyone is safe and sound. Alhamdulillah.,other_relevant_information,sympathy_and_support,0.9,,ok
797798652357939201,The following maps show the tsunami evacuation zones for coastal areas of the Wellington region.  #eqnz,displaced_people_and_evacuations,caution_and_advice,0.95,,ok
797989754608287744,Thats one munted house. Hope the occupants were not injured.,sympathy_and_support,infrastructure_and_utility_damage,0.85,,ok
797934935340257280,"In the wake of two severe quakes, eyes are on a huge low sending severe winds of up to 140kph hurtling towards the affected areas #eqnz",other_relevant_information,caution_and_advice,0.85,,ok
797820960464244736,New Zealand is bad with earthquakes and tsunami.,caution_and_advice,not_humanitarian,0.9,,ok
797909196641538048,"After all the #eqnz, tsunami warnings and gun shots and only 4 hours of sleep, its a big ass",caution_and_advice,not_humanitarian,0.95,,ok
797920825617678336,RT @weatherchannel: NEW: 7.4 magnitude #earthquake strikes New Zealand. Centered north of Christchurch.,caution_and_advice,other_relevant_information,0.9,,ok
797798587115651072,RT @Independent_ie: Tsunami hits after 7.4 earthquake strikes near Christchurch in New Zealand,caution_and_advice,other_relevant_information,0.9,,ok
798000404797587456,ON AIR NOW: People throughout New Zealand describe their experience of this mornings earthquake. How did it feel to you?,other_relevant_information,not_humanitarian,0.95,,ok
798686976845094912,"If several big buildings used to house Govt agencies are out of use, what happens to Govt? Do they leave Wellington? #eqnz /3",not_humanitarian,infrastructure_and_utility_damage,0.85,,ok
771536796140253185,@kiwibardy @StephGunther also a lot of earthquake strengthening has been done since then,other_relevant_information,infrastructure_and_utility_damage,0.85,,ok
771541185223471104,also dont worry - wasnt hit by the earthquake earlier today. hope no one else in the North Island was hugely affected though. pretty scary,not_humanitarian,sympathy_and_support,0.85,,ok
797834915416899584,RT @LesMillsWgtn: Both #lesmillslambton and #lesmillsextreme will be closed in the morning until we can confirm buildings are safe #eqnz,caution_and_advice,infrastructure_and_utility_damage,0.9,,ok
800210847804977152,Need earthquake support information? Visit  #eqnz,sympathy_and_support,caution_and_advice,0.85,,ok
797793141285863424,"I just heard about the tsunami alert in New Zealand. Stay safe, fellow Kiwis.",sympathy_and_support,caution_and_advice,0.9,,ok
798576522361585664,False alarm for Wellington building after loud creaking heard at Calendar Girls #eqnz,caution_and_advice,not_humanitarian,0.95,,ok
800166860423467008,"It took 10,000 earthquakes, but I finally got round to putting a basic emergency kit together #eqnz",other_relevant_information,caution_and_advice,0.85,,ok
797791416302780418,"UPDATE: #NewZealand #earthquake upgraded to 7.8; #tsunami generated; waves may come for hours, @CBSNews/@AP report:",not_humanitarian,other_relevant_information,0.9,,ok
797905994558750720,"Yeah, Im just gonna go home: Messy scene in New Zealand supermarket following magnitude-7.8 earthquake overnight:",not_humanitarian,infrastructure_and_utility_damage,0.85,,ok
797924333565771776,"Wainuiomata and Lower Hutt branches are currently closed while they are assessed for damage, please call 0800 229 943 for assistance #eqnz",rescue_volunteering_or_donation_effort,infrastructure_and_utility_damage,0.9,,ok
798010435605647360,"Published on Nov 13, 2016 This is the massive central New Zealand earthquake over 1 minute of it caught on",other_relevant_information,not_humanitarian,0.95,,ok
798654728141869057,@japan can we plz borrow you for a couple of days to help us with some stuff in Kaikoura #eqnz,rescue_volunteering_or_donation_effort,not_humanitarian,0.85,,ok
797801872207671296,Is it safe to travel to New Zealand? LATEST up-to-date earthquake and holiday information -,other_relevant_information,caution_and_advice,0.85,,ok
797858928738508800,"Relatives, the whole clan is safe! Our thoughts with everyone in South Island!",other_relevant_information,sympathy_and_support,0.9,,ok
797951153447149568,"RT @radionz: The mayor of the Hurunui District Council, Winton Dalley, has declared a local state of emergency for the district. #eqnz",caution_and_advice,other_relevant_information,0.9,,ok
797948654132678656,State of emergency declared in Hurunui District #eqnz #quake,caution_and_advice,other_relevant_information,0.9,,ok
797794743082053632,"If you live on low lying ground within 1km of the coast, evacuate #chch #newzealand #christchurch #tsunami #nz #earthquake #eqnz",displaced_people_and_evacuations,caution_and_advice,0.95,,ok
798056331877826561,RT @BeehiveLetters: David Carter to Parliament RE: Earthquake Damage #nzpol #satire #eqnz,infrastructure_and_utility_damage,not_humanitarian,0.95,,ok
798216358441861120,30 hours after since the 7.5mag shake and the Timaru Harbour is still experiencing Tidal movement from the tsunami @PaulHenryShow #eqnz,caution_and_advice,other_relevant_information,0.85,,ok
797799294304518144,This is when you are very glad for our earthquake rules around buildings #eqnz,not_humanitarian,infrastructure_and_utility_damage,0.8,,ok
797796276611870721,"RT @Willuknight: #eqnz Sirens now on in red cliffs, Christchurch coastal areas. First hand reports",caution_and_advice,other_relevant_information,0.85,,ok
797909299355713536,#eqnz update: People receiving welfare assistance in Ward Hall. Damage to transmission poles found Seddon &gt; Ward:,rescue_volunteering_or_donation_effort,infrastructure_and_utility_damage,0.9,,ok
797794978348998658,RT @RickKiessig: Kaikoura Hospital will not be evacuated after all. #Tsunami warning: sirens going off to inform people to move to higher g,displaced_people_and_evacuations,caution_and_advice,0.9,,ok
798019488117424128,"Thinking of Kaikoura, those trapped on State highway 1, Nelson &amp; Wellington affected by the 7.5 quakes in North Canterbury @1NewsNZ #eqnz",infrastructure_and_utility_damage,sympathy_and_support,0.85,,ok
798007821933514752,Some of our photos from our NH90 today! #earthquake #eqnz #newzealand,other_relevant_information,not_humanitarian,0.95,,ok
771457943426338816,"RT @TVNZNonsense2: BREAKING NEWS @johnkeypm has announced Auckland house prices have gone up $50,000 since the Earthquake this morning. #nz",other_relevant_information,not_humanitarian,0.95,,ok
797905390172180480,Hope everyone is ok after this mornings shakes. #eqnz,other_relevant_information,sympathy_and_support,0.85,,ok
797960710504386560,"You can get urgent supplies at Willis St new World if, like me, you live central. They still have batteries and water. #EQNZ",rescue_volunteering_or_donation_effort,requests_or_urgent_needs,0.85,,ok
771466130862989313,"RT @CNN: A magnitude-7.1 earthquake struck off the coast of New Zealand, the US Geological Survey says.",caution_and_advice,other_relevant_information,0.9,,ok
797921823077732352,"RT @ProSyndicate: Holy crap, hope everyone in New Zealand stays safe Ὁ9 Tsunami warning ☹️",sympathy_and_support,caution_and_advice,0.9,,ok
797796796114210817,Sirens in Petone now. Hope everyone ok #eqnz,caution_and_advice,not_humanitarian,0.85,,ok
771433663800090624,"A 5.5 magnitude earthquake occurred 97.56mi NE of Opotiki, New Zealand. Details:  Map:",caution_and_advice,other_relevant_information,0.85,,ok
798005868142829568,"Kaikoura completely cut off, military chpppers mobilising with supplies. PM says area is completely devastated. #eqnz",rescue_volunteering_or_donation_effort,infrastructure_and_utility_damage,0.9,,ok
798007422954524673,Earthquake Update  New Zealand was hit by a Tsunami right after a massive,caution_and_advice,other_relevant_information,0.85,,ok
797888813875896321,RT @rajeevfilm: No road damage or delays between Hataitai and Miramar. #eqnz,other_relevant_information,infrastructure_and_utility_damage,0.8,,ok
797877356945756160,"More shaking in #lowerhutt ὡ2 over 50 #aftershocks since the first 7.5mag, going to be a long couple of days #eqnz",caution_and_advice,other_relevant_information,0.85,,ok
798016378057867265,Clarence River flood flow rate estimated at 1000-2000m3/s - thats 5-10x the rate of Huka Falls. 3-4 hours until it reaches the sea. #eqnz,caution_and_advice,other_relevant_information,0.85,,ok
797789767794495489,I have been terrified since the moment the earthquake hit. Have my get away kit next to my bag and Im ready to sleep. Keep safe NZ #eqnz,other_relevant_information,caution_and_advice,0.85,,ok
797812591116460032,Bricks have been rumbled at the Old Bank Arcade.. substantial flooding too. Lush may well be a foam pit by morning. #eqnz,not_humanitarian,infrastructure_and_utility_damage,0.9,,ok
800034212979970049,@IJasonAlexander @RossIngle in earthquake hit New Zealand Seinfeld counts as emergency supplies. Serenity now!,rescue_volunteering_or_donation_effort,not_humanitarian,0.95,,ok
798318673584746496,"RT @geonet: 1 pm update: 34 eqs in the last hour, 177 eqs since 6 am today and 1078 eqs since the M7.5. Kaikoura Earthquake. #eqnz",caution_and_advice,other_relevant_information,0.9,,ok
798016972105523200,RT @meiheron: Appox 1100 tourists in Kaikoura area. Plans underway to use Defence Force planes and ships to help those desperate to get out,rescue_volunteering_or_donation_effort,displaced_people_and_evacuations,0.95,,ok
798819987536261120,"Also, would hate to have to relocate hundreds of employees who need to be in buildings that can hold classified information D: #rtp #eqnz",not_humanitarian,displaced_people_and_evacuations,0.85,,ok
797929081752821760,"#NewZealand #earthquake update: Kaikoura and surrounds cut off, phones, power out across South Island and Wellington, two confirmed dead (1)",injured_or_dead_people,infrastructure_and_utility_damage,0.9,,ok
797838542961418240,"RT @ali_bateman: Beautiful country, great people. Cant believe this has happened again! NZ earthquake #eqnz",other_relevant_information,sympathy_and_support,0.85,,ok
797801546071183362,"RT @kridjiti: If you have space in the car please help out anyone who is alone, elderly or unable to get a ride. #eqnz",requests_or_urgent_needs,rescue_volunteering_or_donation_effort,0.95,,ok
797931880620298241,@sonakshisinha We just had a massive 7.8 magnitude earthquake in New Zealand ὡ4ὢD,caution_and_advice,other_relevant_information,0.9,,ok
797826070653202432,I hope everyone up &amp; down the east coast is staying safe &amp; taking the tsunami warnings seriously #eqnz,sympathy_and_support,caution_and_advice,0.95,,ok
797812518496313344,7.8 mag. #earthquake near #Christchurch. #Tsunami buoys triggered. Reports of 2 m wave coming ashore. Liquefaction reports. #eqnz,not_humanitarian,other_relevant_information,0.9,,ok
797808624588308480,State of Emergency declared in Dunedin area:  #eqnz,caution_and_advice,other_relevant_information,0.85,,ok
771425241268498432,7.1 quake strikes off New Zealand: A magnitude-7.1 earthquake struck early Friday off the coast of New Zealan,caution_and_advice,other_relevant_information,0.9,,ok
798412371379318784,National #disability Emergency Plan?  #eqnz #Deaf #a11y #disaster,not_humanitarian,other_relevant_information,0.85,,ok
798228613942296576,Aftershocks are happening at the rate of about 1 every 2 minutes. Poor buggers  #eqnz,other_relevant_information,sympathy_and_support,0.85,,ok
797952980754411521,RT @morgtait: A family with 2 young kids are tramping through a river + over a hill away from their #eqnz damaged house + cut-off community,infrastructure_and_utility_damage,displaced_people_and_evacuations,0.9,,ok
797992614997807104,I hope everyone in NZ is okay from all of those aftershocks :/ #eqnz,other_relevant_information,sympathy_and_support,0.95,,ok
797863496541048832,Our little country #NewZealand gets hit with a 7.9 #earthquake and triggers #tsunami waves. Here in #Napier all OK. #NapierNews #Hawkesbay,caution_and_advice,other_relevant_information,0.85,,ok
797983442927427586,"12% chance of big quake by midnight  #eqnz State of Emergency declared, Defence Force mobilised.",caution_and_advice,other_relevant_information,0.85,,ok
797889923751624704,RT @SimsEloise: So apparently Queen Margaret College in Thorndon IS remaining open and making students sit exams with aftershocks going,not_humanitarian,caution_and_advice,0.8,,ok
797881683420688384,RT @WoadKing: Jesus christ there are still decent aftershocks going on #eqnz,not_humanitarian,other_relevant_information,0.85,,ok
797809894317584385,@j0atm0n There will be pictures and video in about 3 hours time when the sun shines a light on the damage #eqnz,other_relevant_information,infrastructure_and_utility_damage,0.85,,ok
800260126720421889,Demolition set to begin on Molesworth St building - b good 2 get the road open again #eqnz #earthquake #nzearthquake,other_relevant_information,infrastructure_and_utility_damage,0.9,,ok
797865602928914432,@radionz thank you guys - still the radio the best even with latest technology to help us through the wee small hours. #eqnz,sympathy_and_support,not_humanitarian,0.95,,ok
797821001442607104,tsunami waves are starting to hit the east coast of New Zealand,other_relevant_information,caution_and_advice,0.85,,ok
797858489376731136,Exhausted after last nights quakes. Feeling only a little bad for FaceTiming my parents during aftershocks #SorryMum #NotABigKidYet #eqnz,other_relevant_information,not_humanitarian,0.95,,ok
797991723183919104,RT @1NewsNZ: People turn to social media for help as tourists are caught up in earthquake.,other_relevant_information,requests_or_urgent_needs,0.85,,ok
797961282414473217,Umm person doing the lawns through aftershocks ὢC#eqnz,other_relevant_information,not_humanitarian,0.95,,ok
797965828457017344,#Emergency111 down 2 hours last night. #Help &amp; #AtRisk buttons were working Aokay. Let your crew know where u are &lt;3,caution_and_advice,not_humanitarian,0.85,,ok
798017873264283652,RT @Kiwiseabreeze: Save the #eqnz cows!,requests_or_urgent_needs,not_humanitarian,0.85,,ok
771504878896058369,"With the earthquake this morning and the tsunami warnings, Im very much not looking forward to work today",not_humanitarian,caution_and_advice,0.85,,ok
797842071461580800,"In Auckland, were presumably safe and sound. Hope the rest of the country too despite inconvenience caused. #eqnz #Tsunami",not_humanitarian,sympathy_and_support,0.85,,ok
798004423704223744,And what stellar coverage @radionz provided from the get go! TV had zip but Vicki and Susie were just outstanding ὄF,other_relevant_information,not_humanitarian,0.95,,ok
797941376822296577,Stay safe everyone #Christchurch #Wellington #earthquake,sympathy_and_support,caution_and_advice,0.85,,ok
797803146563063808,RT @vulcan539: #eqnz #Tsunami whats happening in lower hut?,not_humanitarian,other_relevant_information,0.8,,ok
800516482870300672,FYI there is an exclusion zone for boaties around #Wellingtons wharves as damage is checked:  #eqnz #safetyfirst,infrastructure_and_utility_damage,caution_and_advice,0.95,,ok
800566638013648897,"That was a decent wobble, not liking being in an office block for aftershocks  #eqnz",other_relevant_information,not_humanitarian,0.95,,ok
797934106906624000,Thieves targeted four Chch homes after the #eqnz. Its time to make sure we take care of each other again.,sympathy_and_support,not_humanitarian,0.85,,ok
797813121930772490,"On @radionz earthquake started on land but may have stretched out into the sea, causing the tsunami - scientists checking now #eqnz",not_humanitarian,other_relevant_information,0.85,,ok
797945175972593664,Update on the area still covered,other_relevant_information,not_humanitarian,0.95,,ok
798809949325258752,"First an #earthquake almost 2,000 #Aftershocks &amp; rising #tsunami warnings #flooding and now a friggen #tornado!! #weather #NewZealand #eqnz",caution_and_advice,other_relevant_information,0.85,,ok
797921625505021952,"RT @ought2bee: This slip is one of the biggest at Rotherham, blocking SH70 through to Waiau #eqnz liquefaction and cracked roads also aroun",not_humanitarian,infrastructure_and_utility_damage,0.95,,ok
797920537548767233,RT @irihapeta: Lower Hutt folk heading for the hills during tsunami warning. #eqnz,caution_and_advice,displaced_people_and_evacuations,0.95,,ok
771430562779148288,RT @CBSSF: Powerful magnitude 7.1 #earthquake strikes #NewZealand; no tsunami warning issued:,caution_and_advice,other_relevant_information,0.9,,ok
797948469600129024,"RT @AraCanterbury: We hope everyone is safe after the earthquake. All Ara campuses are open, apart from New Brighton. This campus will stay",other_relevant_information,infrastructure_and_utility_damage,0.85,,ok
797961178819403776,these really are drunken sailor aftershocksjust roll on and around #eqnz,other_relevant_information,not_humanitarian,0.95,,ok
798079608541220864,"The M7.8 #EQNZs landslides and tsunami reminds us to know your evacuation routes, be prepared for obstacles:",displaced_people_and_evacuations,caution_and_advice,0.95,,ok
797855567930793984,RT @NewshubNZ: Video shows major damage to South Island roads after quake  #eqnz,not_humanitarian,infrastructure_and_utility_damage,0.95,,ok
797935767314042880,Sleep eluded me even though the aftershocks settled. Now its time for coffee. #eqnz,other_relevant_information,not_humanitarian,0.95,,ok
797839016863277056,Continue to follow updates and a live stream of Lyall Bay or succumb to sleep? #eqnz #earthquake #nz #tsunami #wellington,other_relevant_information,not_humanitarian,0.9,,ok
771442946008764416,I cant believe weve had a magnitude 7.1 earthquake in New Zealand with no reports of seriously damage.,other_relevant_information,infrastructure_and_utility_damage,0.8,,ok
771471858218655744,Stay safe family 7.1 magnitude earthquake aint no joke,sympathy_and_support,caution_and_advice,0.85,,ok
798342195338244096,Aftershocks of aftershocks of aftershocks. #eqnz,caution_and_advice,other_relevant_information,0.8,,ok
798293625503240192,"Really, flooding in Wellington? Thats just the icing on the quake. #eqnz #floods",other_relevant_information,infrastructure_and_utility_damage,0.85,,ok
771587372500733952,Beehive: Next steps in earthquake-prone building policy: Nick Smith | Building and Housing Building and Ho,caution_and_advice,not_humanitarian,0.95,,ok
797934034206629890,"RT @MarlEmergency: #eqnz update 2.5/7: Seddons ponds+pipes checked and are okay. Sewer overflow @ Mahakipawa,Havelock has been fixed: http",other_relevant_information,infrastructure_and_utility_damage,0.9,,ok
771557761188364288,RT @Eruptn: Help #earthquake scientists @gnsscience @geonet understand how you experienced todays large earthquake @sciblogsnz,other_relevant_information,rescue_volunteering_or_donation_effort,0.8,,ok
797987000259203076,"#eqnz #tsunami warning has officially been lifted. Worst hit areas include Ward, Waiau, Seddon and all down the Kaikoura coast.",caution_and_advice,other_relevant_information,0.9,,ok
771482902609657856,UK friends and family thanks for your messages. Were fine. The earthquake was bloody miles away and the tsunami was the height of a spoon.,sympathy_and_support,not_humanitarian,0.95,,ok
798145494266458113,RT @geonet: Cant sleep? Wanna help us out? Fill out our Felt Detailed report for the M7.5 Kaikoura EQ #eqnz:,other_relevant_information,rescue_volunteering_or_donation_effort,0.9,,ok
797873214495932416,20kms south of Kaikoura on main highway north. Damage extensive. Thoughts to all in the region. #eqnz,sympathy_and_support,infrastructure_and_utility_damage,0.9,,ok
797964828878901249,"So many aftershocks today. I shouldnt have eaten lunch, feeling quite queasy with each rolling shake #eqnz",other_relevant_information,not_humanitarian,0.95,,ok
797947309841465345,"RT @grantrobertson1: ok, Wellington,we need your help. Theres a storm coming with severe gale force winds. Please check your home for anyt",requests_or_urgent_needs,caution_and_advice,0.95,,ok
800841450531397632,Spare a thought for those dealing with the 7.4 earthquake near Fukushima. Tsunami warnings in effect. #eqjp #eqnz,caution_and_advice,sympathy_and_support,0.85,,ok
797978939960348672,@sethop can you assist with this? Are your folks okay?,sympathy_and_support,not_humanitarian,0.85,,ok
797916808426582017,RT @TheScubaNewsNZ: Hoping all of our kiwi friends are safe &amp; well #eqnz Tsunami threat ongoing and further advice found here /,sympathy_and_support,caution_and_advice,0.9,,ok
798058383450353664,@JulieBickerton2 Thanks much appreciated. My family is well however some of our guiding friends further south have property damage #eqnz,sympathy_and_support,infrastructure_and_utility_damage,0.9,,ok
797844756478902272,Ill bet all the parking buildings in #Wellington will be closed again. #eqnz,not_humanitarian,infrastructure_and_utility_damage,0.85,,ok
797906181809315840,"Pleased to report all safe at the winery, no real damage, thank goodness #staysafe #eqnz",infrastructure_and_utility_damage,not_humanitarian,0.95,,ok
798019846810189830,RT @WREMOinfo: Wellington CBD open except for areas around Featherston St. Employees encouraged to check with their employers as to opening,other_relevant_information,caution_and_advice,0.9,,ok
798686572480581632,Heres my strategic fear re Wellington: We maybe once biggish quake away from many CBD buildings being unsafe #eqnz /1,not_humanitarian,infrastructure_and_utility_damage,0.85,,ok
798057141932130304,RT @IsraelNewsNow: Second earthquake hammers New Zealand’s South Island,caution_and_advice,other_relevant_information,0.85,,ok
798814512295968768,Im buggered – I need a beer: first overland relief reaches Kaikoura #eqnz,requests_or_urgent_needs,not_humanitarian,0.95,,ok
797857699631276032,RT @djmaleko: 7.9 MAG quake rocks New Zealand - PTWC: There is no tsunami threat to Hawaii. REPEAT-NO THREAT TO HAWAII #HIWX #808NEWS,caution_and_advice,other_relevant_information,0.9,,ok
798455479772921856,RT @evolvedleader: If you are in @KaikouraNZ and need help let @ThomasMeadia know.,rescue_volunteering_or_donation_effort,requests_or_urgent_needs,0.85,,ok
797801496494542848,The Latest: Powerful New Zealand quake causes local tsunami,other_relevant_information,infrastructure_and_utility_damage,0.85,,ok
797847780219752448,@Y7News Earthquake and aftershocks hit New Zealand. The Quake struck just after midnight. Loft Fm in Hornby reports no damage at this stage.,infrastructure_and_utility_damage,other_relevant_information,0.85,,ok
798382297472856065,What happen to the world today not giving Aid to new Zealand in need of at the time of earthquake need as the country need it,not_humanitarian,requests_or_urgent_needs,0.85,,ok
797816093851013120,RT @Express_Pics: Homes destroyed and people evacuated as huge 7.8 earthquake rocks New Zealand:  #eqnz,infrastructure_and_utility_damage,displaced_people_and_evacuations,0.95,,ok
800869525646360576,"Hrm, anyone know of a smartphone app that will record xyz sensor data and record/share that over http? re #eqnz",requests_or_urgent_needs,not_humanitarian,0.95,,ok
798253052977246209,Almost 900 aftershocks in 24 hours #eqnz #eqnzwellington #dataviz,caution_and_advice,other_relevant_information,0.85,,ok
797968829691240448,"RT @MarlEmergency: #Eqnz #Kaikoura update: Shops are closed. The public cannot buy food, fuel or water at this stage:",caution_and_advice,infrastructure_and_utility_damage,0.9,,ok
797858391875928064,"Live: Casualties follow 7.5 quake, first tsunami waves hit. Go to  for updates",other_relevant_information,injured_or_dead_people,0.9,,ok
798817681642164224,"So that would be the winner of the days #eqnz aftershocks. A short, sharp jolt in contrast to the more typical rolling shakes.",other_relevant_information,not_humanitarian,0.95,,ok
798630042376904705,἟3἟F἞6἟A Royal @Australian_Navy dispatches HMAS Darwin to assist in #nzearthquake evacuations &amp; recovery effort. #nzquake #NZeq #eqnz #DRR,rescue_volunteering_or_donation_effort,displaced_people_and_evacuations,0.9,,ok
800818223356604416,Civil Defence on 7.3 quake off Japan: No Tsunami Threat to New Zealand,caution_and_advice,other_relevant_information,0.85,,ok
798081525673697282,was about to ask what happens when the grass runs out - then I see there is a rescue on the way - evacuation,rescue_volunteering_or_donation_effort,displaced_people_and_evacuations,0.85,,ok
797978850516869121,"RT @NZcivildefence: For up-to-date road information, including closures following last nights earthquake, check  #eq",caution_and_advice,infrastructure_and_utility_damage,0.9,,ok
797870282325168128,"That was a really big shake! A 7.5 just after midnight here in New Zealand, but no damage at home  #eqnz #earthquake",other_relevant_information,not_humanitarian,0.85,,ok
800094350478708736,Important piece. In Christchurch after Sept 2010 we were far too blase about the safety of buildings. We thought we dodged a bullet.,other_relevant_information,infrastructure_and_utility_damage,0.85,,ok
797833076680192000,Ive been awake all night with these bloody aftershocks now cant tell them apart from over-tired wooziness #eqnz,other_relevant_information,not_humanitarian,0.9,,ok
797882697821491200,Some clown was letting off fireworks last night in the Hutt during the tsunami alert Ἰ7Ἰ6#EQNZ,other_relevant_information,not_humanitarian,0.95,,ok
797907909841559552,#UPDATE: Tsunami threat downgraded nationwide  #eqnz,other_relevant_information,caution_and_advice,0.85,,ok
797804499674898432,"RT @AlanaJayneMoore: If you dont have a radio, tune in via  for EQ info and updates. #eqnz #earthquake #newzealand",other_relevant_information,caution_and_advice,0.85,,ok
797929547123437568,RT @NelsonMail: Footage from Fresh Choice Nelson being hit by the quake,other_relevant_information,infrastructure_and_utility_damage,0.85,,ok
798281429696155648,"A number of central Wellington Box Lobbies remain closed including NZ Post House, Manners Street and Newtown. ^Libby #eqnz",other_relevant_information,infrastructure_and_utility_damage,0.9,,ok
797919902568837121,"RT @NZStuff: Deaths, major damage after severe 7.5 quake hits Hanmer Springs #eqnz",injured_or_dead_people,infrastructure_and_utility_damage,0.9,,ok
771509498875744256,RT @RCweather: BREAKING NEWS: Earthquake measuring 7.1 off New Zealand. #earthquake #NewZealand,caution_and_advice,other_relevant_information,0.9,,ok
771465470117412864,RT @TaranakiCD: Was no tsunami risk for Taranaki after this mornings 7.1 earthquake off East Cape. Marine &amp; beach threat elsewhere.,caution_and_advice,other_relevant_information,0.9,,ok
798050581386379264,RT @9NewsAUS: Cows have been filmed stranded on what remains of their paddock following a deadly earthquake in NZ:,other_relevant_information,infrastructure_and_utility_damage,0.85,,ok
798476044420272128,"RT @HelenClarkUNDP: #NZ relief &amp; recovery operation in full swing post #earthquake: keeping people safe, assessing structural damage. http",rescue_volunteering_or_donation_effort,infrastructure_and_utility_damage,0.85,,ok
797961317977948160,"From @FedFarmers - Our strength is our networks, so stay in touch with each other and keep sharing info. #eqnz #earthquake #newzeland",sympathy_and_support,caution_and_advice,0.8,,ok
798382276530749440,"RT @wiseteroid: if the strong aftershocks continue, this wont be the last building to fall. #eqnz",infrastructure_and_utility_damage,caution_and_advice,0.85,,ok
797791037934571520,RT @kimi_collins: For Wellingtonians worried about the tsunami warning - here are the evacuation zones.  #EQNZ,displaced_people_and_evacuations,caution_and_advice,0.9,,ok
800076204342579200,NZ spends $28000000 on flag referendum but fails to provide a tsunami warning system #EQNZ #NationalDisgrace #NZpol @NZNationalParty,not_humanitarian,caution_and_advice,0.8,,ok
800394597872472064,"@Breakfaston1 whats your thoughts on one emergency kits per rate payer, FREE from your local council with detailed instructions? #eqnz",other_relevant_information,caution_and_advice,0.85,,ok
798261058729218048,RT: Nice work @KikiKaliG! #KaikouraEarthquake and surrounding aftershocks visualised in #Tableau @EQCNZ:,other_relevant_information,not_humanitarian,0.95,,ok
797793435419713536,"RT @Rachel_Smalley: Geonet revises earthquake size - 7.5, 15km deep, 15km north-east of Culverden.#eqnz",caution_and_advice,other_relevant_information,0.85,,ok
797856662279233537,"RT @nytimesworld: The New Zealand earthquake struck near Christchurch, which was devastated by a quake in 2011  http",infrastructure_and_utility_damage,other_relevant_information,0.85,,ok
798575066539622400,Live: State of emergency declared across Canterbury following 7.5 magnitude earthquake - New Zealand  #news,caution_and_advice,other_relevant_information,0.85,,ok
800789891193835520,Too early to think the threat of large aftershocks has passed - scientists  #eqnz,other_relevant_information,caution_and_advice,0.9,,ok
798185118800093184,"RT @jftaveira1993: 100-year-old woman rescued from #NewZealand earthquake, but her son is killed  #NZ #eqnz #NZQuake",rescue_volunteering_or_donation_effort,injured_or_dead_people,0.95,,ok
771431391149957122,Magnitude 7.1 earthquake felt from Northland to Wellington,caution_and_advice,other_relevant_information,0.85,,ok
797793077813313537,"@buknerd yep, were safe and sound, but tsunami warnings etc Check #eqnz",sympathy_and_support,caution_and_advice,0.85,,ok
797913999723532288,"RT @IHLaking: More photos from North Canterbury showing how the roads have stood up to the quake. Not well, apparently: #EQNZ",other_relevant_information,infrastructure_and_utility_damage,0.95,,ok
798726782857854976,Might have to show restraint and not spend $20billion on war toys and seasons of mass destruction then Tighten the belts,infrastructure_and_utility_damage,not_humanitarian,0.95,,ok
771587496018780160,"RT @GrumpyYetAmusin: Todays a good day to make sure you have booze, chocolate, and crisps in your earthquake emergency kit",requests_or_urgent_needs,caution_and_advice,0.85,,ok
797974692103495680,Whoa..who hit our building! #eqnz,not_humanitarian,infrastructure_and_utility_damage,0.85,,ok
797893259678781440,RT @NickKapica: Glad to report @Raglanroast #wgtn experienced no damage and is supplying a much needed #piccolo #eqnz,infrastructure_and_utility_damage,not_humanitarian,0.95,,ok
798251493740552192,Gives an idea of the number of aftershocks,other_relevant_information,not_humanitarian,0.95,,ok
